l1_id,l1_label,lang,phrase,df_in,df_out,score,examples
medtop:11000000,politics and government,en,immigration enforcement,14,0,3.429238,"1351,1399,1416"
medtop:11000000,politics and government,en,speech in davos,12,0,3.366137,"1355,1357,1354"
medtop:11000000,politics and government,en,ice agents,13,0,3.360245,"1372,1383,1496"
medtop:11000000,politics and government,en,federal immigration,12,0,3.286137,"1348,1349,1351"
medtop:11000000,politics and government,en,border patrol,12,0,3.286137,"1372,1416,1542"
medtop:11000000,politics and government,en,border patrol agents,11,0,3.286094,"1372,1416,1542"
medtop:11000000,politics and government,en,enforcement official,11,0,3.206094,"1351,1372,1416"
medtop:11000000,politics and government,en,tim walz,11,0,3.206094,"1351,1416,1527"
medtop:11000000,politics and government,en,ms good,11,0,3.206094,"1351,1399,1530"
medtop:11000000,politics and government,en,patrol agents,11,0,3.206094,"1372,1416,1542"
medtop:11000000,politics and government,en,gov tim walz,10,0,3.199083,"1351,1416,1527"
medtop:11000000,politics and government,en,agents in minneapolis,10,0,3.199083,"1527,1542,1543"
medtop:11000000,politics and government,en,federal law enforcement,10,0,3.199083,"1527,1543,1568"
medtop:11000000,politics and government,en,gov tim,10,0,3.119083,"1351,1416,1527"
medtop:11000000,politics and government,en,politics democratic party,9,0,3.103773,"1292,1293,1348"
medtop:11000000,politics and government,en,statement on friday,9,0,3.103773,"1310,1355,1357"
medtop:11000000,politics and government,en,law enforcement officials,9,0,3.103773,"1310,1527,1543"
medtop:11000000,politics and government,en,alex jeffrey pretti,9,0,3.103773,"1543,1546,1568"
medtop:11000000,politics and government,en,shootings,10,0,3.039083,"1342,1351,1399"
medtop:11000000,politics and government,en,firearm,10,0,3.039083,"1342,1362,1542"
medtop:11000000,politics and government,en,politics democratic,9,0,3.023773,"1292,1293,1348"
medtop:11000000,politics and government,en,enforcement officials,9,0,3.023773,"1310,1527,1543"
medtop:11000000,politics and government,en,jacob frey,9,0,3.023773,"1351,1416,1530"
medtop:11000000,politics and government,en,agents shot,9,0,3.023773,"1527,1543,1546"
medtop:11000000,politics and government,en,jeffrey pretti,9,0,3.023773,"1543,1546,1568"
medtop:11000000,politics and government,en,alex jeffrey,9,0,3.023773,"1543,1546,1568"
medtop:11000000,politics and government,en,minneapolis this month,8,0,2.998412,"1351,1527,1530"
medtop:11000000,politics and government,en,official in charge,8,0,2.998412,"1372,1543,1546"
medtop:11000000,politics and government,en,local law enforcement,8,0,2.998412,"1527,1543,1546"
medtop:11000000,politics and government,en,approached border patrol,8,0,2.998412,"1542,1543,1546"
medtop:11000000,politics and government,en,federal agents shot,8,0,2.998412,"1543,1546,1565"
medtop:11000000,politics and government,en,bovino,9,0,2.943773,"1372,1543,1546"
medtop:11000000,politics and government,en,pretti,9,0,2.943773,"1543,1546,1568"
medtop:11000000,politics and government,en,firearms,9,0,2.943773,"1543,1546,1568"
medtop:11000000,politics and government,en,local police,8,0,2.918412,"1292,1293,1383"
medtop:11000000,politics and government,en,missile defense,8,0,2.918412,"1309,1328,1327"
medtop:11000000,politics and government,en,greenland which,8,0,2.918412,"1309,1474,1471"
medtop:11000000,politics and government,en,mr rutte,8,0,2.918412,"1328,1317,1327"
medtop:11000000,politics and government,en,russia-ukraine war,8,0,2.918412,"1328,1327,1331"
medtop:11000000,politics and government,en,immigration agents,17,1,2.918412,"1348,1349,1372"
medtop:11000000,politics and government,en,command which,8,0,2.918412,"1355,1357,1354"
medtop:11000000,politics and government,en,no criminal,8,0,2.918412,"1373,1543,1546"
medtop:11000000,politics and government,en,close range,8,0,2.918412,"1417,1416,1419"
medtop:11000000,politics and government,en,been shot,8,0,2.918412,"1402,1543,1546"
medtop:11000000,politics and government,en,local law,8,0,2.918412,"1527,1543,1546"
medtop:11000000,politics and government,en,minnesota officials,8,0,2.918412,"1527,1543,1546"
medtop:11000000,politics and government,en,approached border,8,0,2.918412,"1542,1543,1546"
medtop:11000000,politics and government,en,mr pretti,8,0,2.918412,"1543,1546,1568"
medtop:11000000,politics and government,en,atlantic treaty organization,15,1,2.880629,"1303,1328,1327"
medtop:11000000,politics and government,en,north atlantic treaty,15,1,2.880629,"1303,1328,1327"
medtop:11000000,politics and government,en,yearslong,8,0,2.838412,"1328,1327,1331"
medtop:11000000,politics and government,en,uniform,8,0,2.838412,"1355,1357,1354"
medtop:11000000,politics and government,en,terrorists,8,0,2.838412,"1373,1417,1419"
medtop:11000000,politics and government,en,north atlantic,15,1,2.800629,"1303,1328,1327"
medtop:11000000,politics and government,en,atlantic treaty,15,1,2.800629,"1303,1328,1327"
medtop:11000000,politics and government,en,treaty organization,15,1,2.800629,"1303,1328,1327"
medtop:11000000,politics and government,en,federal agents,23,2,2.800629,"1351,1372,1399"
medtop:11000000,politics and government,en,european allies,13,1,2.667098,"1328,1327,1331"
medtop:11000000,politics and government,en,military bases,12,1,2.59299,"1309,1328,1317"
medtop:11000000,politics and government,en,renee good,18,2,2.567014,"1292,1293,1351"
medtop:11000000,politics and government,en,invitation,12,1,2.51299,"1355,1357,1354"
medtop:11000000,politics and government,en,agent who,11,1,2.512947,"1351,1383,1399"
medtop:11000000,politics and government,en,troops,23,3,2.432947,"1303,1309,1328"
medtop:11000000,politics and government,en,prisons,11,1,2.432947,"1351,1372,1496"
medtop:11000000,politics and government,en,detained,17,2,2.432947,"1348,1349,1373"
medtop:11000000,politics and government,en,homeland security,21,3,2.425936,"1373,1372,1383"
medtop:11000000,politics and government,en,took him,10,1,2.425936,"1372,1390,1389"
medtop:11000000,politics and government,en,american citizen,10,1,2.425936,"1399,1416,1543"
medtop:11000000,politics and government,en,minneapolis police,10,1,2.425936,"1527,1543,1546"
medtop:11000000,politics and government,en,minneapolis,33,5,2.375788,"1348,1349,1351"
medtop:11000000,politics and government,en,homeland,27,4,2.363954,"1317,1355,1357"
medtop:11000000,politics and government,en,department of homeland,18,3,2.359332,"1373,1372,1383"
medtop:11000000,politics and government,en,smuggling,10,1,2.345936,"1362,1390,1396"
medtop:11000000,politics and government,en,handgun,10,1,2.345936,"1542,1543,1546"
medtop:11000000,politics and government,en,administration immigration,9,1,2.330625,"1348,1349,1351"
medtop:11000000,politics and government,en,recent weeks,9,1,2.330625,"1383,1416,1452"
medtop:11000000,politics and government,en,past week,9,1,2.330625,"1417,1419,1463"
medtop:11000000,politics and government,en,middle powers,9,1,2.330625,"1432,1491,1524"
medtop:11000000,politics and government,en,shooting,26,4,2.327586,"1292,1293,1342"
medtop:11000000,politics and government,en,minnesota,26,4,2.327586,"1292,1293,1351"
medtop:11000000,politics and government,en,mr trump second,8,1,2.305265,"1290,1291,1409"
medtop:11000000,politics and government,en,post-world war ii,8,1,2.305265,"1328,1327,1331"
medtop:11000000,politics and government,en,trump administration immigration,8,1,2.305265,"1348,1349,1351"
medtop:11000000,politics and government,en,control of greenland,8,1,2.305265,"1474,1471,1475"
medtop:11000000,politics and government,en,terrorist,14,2,2.250625,"1351,1355,1357"
medtop:11000000,politics and government,en,gregory,9,1,2.250625,"1355,1357,1354"
medtop:11000000,politics and government,en,demonstrators,9,1,2.250625,"1399,1417,1419"
medtop:11000000,politics and government,en,prosecutor,9,1,2.250625,"1417,1419,1468"
medtop:11000000,politics and government,en,bureau chief,17,3,2.225265,"1292,1293,1463"
medtop:11000000,politics and government,en,post-world war,8,1,2.225265,"1328,1327,1331"
medtop:11000000,politics and government,en,man who,17,3,2.225265,"1342,1348,1349"
medtop:11000000,politics and government,en,gun violence,8,1,2.225265,"1351,1530,1531"
medtop:11000000,politics and government,en,tear gas,8,1,2.225265,"1416,1527,1543"
medtop:11000000,politics and government,en,president vladimir,8,1,2.225265,"1491,1504,680"
medtop:11000000,politics and government,en,been fired,8,1,2.225265,"1542,1543,1546"
medtop:11000000,politics and government,en,official who,8,1,2.225265,"1543,1568,1570"
medtop:11000000,politics and government,en,greenland mr,12,2,2.187525,"1317,1432,1466"
medtop:11000000,politics and government,en,diplomatic,13,2,2.181632,"1338,1355,1357"
medtop:11000000,politics and government,en,customs enforcement,20,4,2.156272,"1348,1349,1351"
medtop:11000000,politics and government,en,missile,8,1,2.145265,"1309,1328,1327"
medtop:11000000,politics and government,en,agents,35,7,2.145265,"1348,1349,1351"
medtop:11000000,politics and government,en,sentenced,8,1,2.145265,"1362,1603,1604"
medtop:11000000,politics and government,en,deployment,8,1,2.145265,"1417,1416,1419"
medtop:11000000,politics and government,en,veterans,8,1,2.145265,"1434,1543,1575"
medtop:11000000,politics and government,en,european leaders,15,3,2.107482,"1328,1327,1331"
medtop:11000000,politics and government,en,mark rutte,11,2,2.107482,"1328,1317,1327"
medtop:11000000,politics and government,en,chief of staff,10,2,2.10047,"1468,1543,1546"
medtop:11000000,politics and government,en,sovereignty,16,3,2.088106,"1309,1317,1432"
medtop:11000000,politics and government,en,jeffrey,16,3,2.088106,"1309,1317,1543"
medtop:11000000,politics and government,en,bureau,32,7,2.058253,"1292,1293,1310"
medtop:11000000,politics and government,en,immigration and customs,20,5,2.05395,"1348,1349,1351"
medtop:11000000,politics and government,en,diplomacy,11,2,2.027482,"1328,1317,1327"
medtop:11000000,politics and government,en,detention,11,2,2.027482,"1373,1362,1372"
medtop:11000000,politics and government,en,arrest,15,3,2.027482,"1373,1396,1399"
medtop:11000000,politics and government,en,time since,10,2,2.02047,"1290,1291,1328"
medtop:11000000,politics and government,en,thursday mr,10,2,2.02047,"1417,1419,1452"
medtop:11000000,politics and government,en,mr trump told,9,2,2.00516,"1328,1327,1331"
medtop:11000000,politics and government,en,war in ukraine,12,3,1.979842,"1432,1466,1469"
medtop:11000000,politics and government,en,how many,13,3,1.97395,"1290,1291,1309"
medtop:11000000,politics and government,en,democratic party,13,3,1.97395,"1292,1293,1348"
medtop:11000000,politics and government,en,told reporters,20,5,1.97395,"1290,1292,1291"
medtop:11000000,politics and government,en,afghanistan,10,2,1.94047,"1303,1328,1327"
medtop:11000000,politics and government,en,spoken,10,2,1.94047,"1309,1399,1527"
medtop:11000000,politics and government,en,fatally,10,2,1.94047,"1351,1399,1530"
medtop:11000000,politics and government,en,migrants,10,2,1.94047,"1373,1390,1389"
medtop:11000000,politics and government,en,moscow,10,2,1.94047,"1362,1432,1504"
medtop:11000000,politics and government,en,where mr,9,2,1.92516,"1328,1327,1331"
medtop:11000000,politics and government,en,foreign policy,25,7,1.899842,"1290,1291,1328"
medtop:11000000,politics and government,en,trump second term,11,3,1.8998,"1290,1291,1338"
medtop:11000000,politics and government,en,senator john cornyn,8,2,1.8998,"1290,1292,1291"
medtop:11000000,politics and government,en,bases in greenland,8,2,1.8998,"1309,1328,1327"
medtop:11000000,politics and government,en,department of justice,8,2,1.8998,"1338,1351,1443"
medtop:11000000,politics and government,en,deportation,13,3,1.89395,"1292,1293,1373"
medtop:11000000,politics and government,en,defense,29,8,1.84516,"1303,1309,1328"
medtop:11000000,politics and government,en,goodman,9,2,1.84516,"1292,1293,1348"
medtop:11000000,politics and government,en,protesters,22,6,1.830772,"1351,1399,1417"
medtop:11000000,politics and government,en,immigration,51,15,1.819842,"1292,1293,1338"
medtop:11000000,politics and government,en,crackdown,25,7,1.819842,"1333,1334,1348"
medtop:11000000,politics and government,en,patrol,12,3,1.819842,"1372,1416,1542"
medtop:11000000,politics and government,en,senator john,14,4,1.8198,"1290,1292,1291"
medtop:11000000,politics and government,en,trump second,11,3,1.8198,"1290,1291,1338"
medtop:11000000,politics and government,en,air force,11,3,1.8198,"1292,1293,1328"
medtop:11000000,politics and government,en,immigration crackdown,11,3,1.8198,"1348,1349,1399"
medtop:11000000,politics and government,en,john cornyn,8,2,1.8198,"1290,1292,1291"
medtop:11000000,politics and government,en,republican who,8,2,1.8198,"1290,1291,1348"
medtop:11000000,politics and government,en,recent days,8,2,1.8198,"1504,636,662"
medtop:11000000,politics and government,en,when federal,8,2,1.8198,"1543,1546,1568"
medtop:11000000,politics and government,en,immediate,18,5,1.793867,"1309,1328,1327"
medtop:11000000,politics and government,en,immigrants,18,5,1.793867,"1365,1373,1372"
medtop:11000000,politics and government,en,law enforcement,22,7,1.77724,"1310,1372,1396"
medtop:01000000,"arts, culture, entertainment and media",en,running time,9,0,4.112058,"569,698,690"
medtop:01000000,"arts, culture, entertainment and media",en,singers,9,0,4.032058,"1411,620,1618"
medtop:01000000,"arts, culture, entertainment and media",en,characters,8,0,3.926697,"581,626,746"
medtop:01000000,"arts, culture, entertainment and media",en,artist,18,2,3.5753,"1294,1455,1562"
medtop:01000000,"arts, culture, entertainment and media",en,contemporary,11,1,3.521232,"1448,1562,620"
medtop:01000000,"arts, culture, entertainment and media",en,theaters,15,2,3.403449,"554,635,698"
medtop:01000000,"arts, culture, entertainment and media",en,screenplay,9,1,3.338911,"1294,578,714"
medtop:01000000,"arts, culture, entertainment and media",en,comedy,11,2,3.115767,"564,635,679"
medtop:01000000,"arts, culture, entertainment and media",en,movies,22,5,3.073208,"1305,1618,564"
medtop:01000000,"arts, culture, entertainment and media",en,classical,10,2,3.028756,"1448,620,554"
medtop:01000000,"arts, culture, entertainment and media",en,audiences,9,2,2.933446,"554,726,1155"
medtop:01000000,"arts, culture, entertainment and media",en,theater,12,3,2.908128,"1618,554,575"
medtop:01000000,"arts, culture, entertainment and media",en,nominees,8,2,2.828085,"1305,714,749"
medtop:01000000,"arts, culture, entertainment and media",en,viewers,8,2,2.828085,"581,661,707"
medtop:01000000,"arts, culture, entertainment and media",en,performing,10,3,2.741074,"1411,578,554"
medtop:01000000,"arts, culture, entertainment and media",en,artists,18,6,2.728002,"1294,1341,1411"
medtop:01000000,"arts, culture, entertainment and media",en,dreams,9,3,2.645764,"1618,581,696"
medtop:01000000,"arts, culture, entertainment and media",en,netflix,13,5,2.576771,"564,569,631"
medtop:01000000,"arts, culture, entertainment and media",en,visual,8,3,2.540403,"661,707,717"
medtop:01000000,"arts, culture, entertainment and media",en,performances,10,4,2.51793,"1411,620,554"
medtop:01000000,"arts, culture, entertainment and media",en,streaming,10,4,2.51793,"1455,622,631"
medtop:01000000,"arts, culture, entertainment and media",en,actress,9,4,2.42262,"1455,693,714"
medtop:01000000,"arts, culture, entertainment and media",en,musical,9,4,2.42262,"620,1618,554"
medtop:01000000,"arts, culture, entertainment and media",en,critic,14,7,2.358081,"1341,1448,1562"
medtop:01000000,"arts, culture, entertainment and media",en,plenty,8,4,2.31726,"1451,620,626"
medtop:01000000,"arts, culture, entertainment and media",en,filmmaker,8,4,2.31726,"698,690,726"
medtop:01000000,"arts, culture, entertainment and media",en,actors,11,6,2.268469,"1618,698,717"
medtop:01000000,"arts, culture, entertainment and media",en,directed,16,9,2.260101,"1364,554,569"
medtop:01000000,"arts, culture, entertainment and media",en,museum,12,7,2.214981,"1294,1364,1455"
medtop:01000000,"arts, culture, entertainment and media",en,studio,12,7,2.214981,"1364,1448,661"
medtop:01000000,"arts, culture, entertainment and media",en,creative,10,6,2.181458,"1294,620,554"
medtop:01000000,"arts, culture, entertainment and media",en,documentary,12,8,2.097198,"569,690,726"
medtop:01000000,"arts, culture, entertainment and media",en,character,11,8,2.017155,"1294,578,581"
medtop:01000000,"arts, culture, entertainment and media",en,portrait,11,8,2.017155,"1562,581,661"
medtop:01000000,"arts, culture, entertainment and media",en,grew up,10,8,2.010144,"1364,1618,569"
medtop:01000000,"arts, culture, entertainment and media",en,english,8,6,1.980787,"1294,1448,624"
medtop:01000000,"arts, culture, entertainment and media",en,emotional,8,6,1.980787,"1448,694,746"
medtop:01000000,"arts, culture, entertainment and media",en,performance,17,13,1.980787,"578,554,564"
medtop:01000000,"arts, culture, entertainment and media",en,casting,8,6,1.980787,"690,714,746"
medtop:01000000,"arts, culture, entertainment and media",en,variety,9,7,1.952616,"1451,631,698"
medtop:01000000,"arts, culture, entertainment and media",en,audience,22,19,1.869235,"1294,1341,1411"
medtop:01000000,"arts, culture, entertainment and media",en,talent,8,7,1.847256,"1618,581,624"
medtop:01000000,"arts, culture, entertainment and media",en,brother,9,8,1.834833,"1341,1618,581"
medtop:01000000,"arts, culture, entertainment and media",en,sounds,9,8,1.834833,"620,1618,575"
medtop:01000000,"arts, culture, entertainment and media",en,follows,9,8,1.834833,"626,693,696"
medtop:01000000,"arts, culture, entertainment and media",en,awards,12,12,1.729473,"1305,1618,564"
medtop:01000000,"arts, culture, entertainment and media",en,writer,10,10,1.729473,"1341,1562,575"
medtop:01000000,"arts, culture, entertainment and media",en,producer,8,8,1.729473,"1341,635,707"
medtop:01000000,"arts, culture, entertainment and media",en,let us,12,14,1.666372,"1294,622,624"
medtop:01000000,"arts, culture, entertainment and media",en,daughter,13,14,1.66048,"1341,1364,575"
medtop:01000000,"arts, culture, entertainment and media",en,academy,12,13,1.655365,"1305,1618,714"
medtop:01000000,"arts, culture, entertainment and media",en,culture,23,25,1.64943,"1341,1448,1562"
medtop:01000000,"arts, culture, entertainment and media",en,narrative,8,9,1.624112,"1294,569,581"
medtop:01000000,"arts, culture, entertainment and media",en,manhattan,8,9,1.624112,"1364,581,624"
medtop:01000000,"arts, culture, entertainment and media",en,playing,15,17,1.61169,"1411,1455,1618"
medtop:01000000,"arts, culture, entertainment and media",en,correction was made,10,14,1.579318,"1294,624,726"
medtop:01000000,"arts, culture, entertainment and media",en,error please let,10,14,1.579318,"1294,624,726"
medtop:01000000,"arts, culture, entertainment and media",en,spot an error,10,14,1.579318,"1294,624,726"
medtop:01000000,"arts, culture, entertainment and media",en,when we learn,10,14,1.579318,"1294,624,726"
medtop:01000000,"arts, culture, entertainment and media",en,mistake we acknowledge,10,14,1.579318,"1294,624,726"
medtop:01000000,"arts, culture, entertainment and media",en,let us know,10,14,1.579318,"1294,624,726"
medtop:01000000,"arts, culture, entertainment and media",en,please let us,10,14,1.579318,"1294,624,726"
medtop:01000000,"arts, culture, entertainment and media",en,know at corrections,10,14,1.579318,"1294,624,726"
medtop:01000000,"arts, culture, entertainment and media",en,television,11,13,1.575322,"1618,569,624"
medtop:01000000,"arts, culture, entertainment and media",en,historical,9,11,1.547151,"1451,626,631"
medtop:01000000,"arts, culture, entertainment and media",en,married,8,10,1.528802,"1364,1562,1618"
medtop:01000000,"arts, culture, entertainment and media",en,original,12,15,1.521833,"1364,698,749"
medtop:01000000,"arts, culture, entertainment and media",en,earlier version,10,14,1.499318,"1294,624,726"
medtop:01000000,"arts, culture, entertainment and media",en,error please,10,14,1.499318,"1294,624,726"
medtop:01000000,"arts, culture, entertainment and media",en,mailto corrections,10,14,1.499318,"1294,624,726"
medtop:01000000,"arts, culture, entertainment and media",en,us know,10,14,1.499318,"1294,624,726"
medtop:01000000,"arts, culture, entertainment and media",en,picture,14,19,1.441791,"1305,575,693"
medtop:01000000,"arts, culture, entertainment and media",en,ve been,8,12,1.441748,"1455,1618,554"
medtop:01000000,"arts, culture, entertainment and media",en,please let,10,15,1.434779,"1294,624,726"
medtop:01000000,"arts, culture, entertainment and media",en,correction,10,14,1.419318,"1294,624,726"
medtop:01000000,"arts, culture, entertainment and media",en,feature,9,13,1.393001,"732,1048,1053"
medtop:01000000,"arts, culture, entertainment and media",en,acting,10,15,1.354779,"1455,635,714"
medtop:01000000,"arts, culture, entertainment and media",en,cultural,12,18,1.349983,"1341,554,631"
medtop:01000000,"arts, culture, entertainment and media",en,played,19,29,1.324008,"1448,578,575"
medtop:01000000,"arts, culture, entertainment and media",en,running,19,30,1.291218,"1294,1455,1562"
medtop:01000000,"arts, culture, entertainment and media",en,jacket,8,13,1.28764,"1562,620,635"
medtop:01000000,"arts, culture, entertainment and media",en,when she,12,21,1.28338,"1294,1411,1618"
medtop:01000000,"arts, culture, entertainment and media",en,production,13,21,1.277488,"1618,578,554"
medtop:01000000,"arts, culture, entertainment and media",en,acknowledge,11,18,1.269941,"1294,624,726"
medtop:01000000,"arts, culture, entertainment and media",en,written,17,28,1.252549,"1294,1448,620"
medtop:01000000,"arts, culture, entertainment and media",en,corrections,10,17,1.236996,"1294,624,726"
medtop:01000000,"arts, culture, entertainment and media",en,camera,10,17,1.236996,"1562,569,707"
medtop:01000000,"arts, culture, entertainment and media",en,opening,13,22,1.233036,"1364,620,726"
medtop:01000000,"arts, culture, entertainment and media",en,recalled,11,19,1.218647,"1341,1455,622"
medtop:01000000,"arts, culture, entertainment and media",en,anyone,14,24,1.218647,"1451,1455,620"
medtop:01000000,"arts, culture, entertainment and media",en,structure,9,16,1.198845,"578,661,694"
medtop:01000000,"arts, culture, entertainment and media",en,becomes,10,18,1.182929,"1455,1618,575"
medtop:01000000,"arts, culture, entertainment and media",en,father,16,29,1.161489,"1364,1562,1618"
medtop:01000000,"arts, culture, entertainment and media",en,career,20,37,1.136409,"1294,1341,1455"
medtop:01000000,"arts, culture, entertainment and media",en,thomas,11,21,1.123337,"624,707,749"
medtop:01000000,"arts, culture, entertainment and media",en,mistake,13,25,1.110434,"1294,624,679"
medtop:01000000,"arts, culture, entertainment and media",en,sports,8,16,1.093484,"620,554,575"
medtop:01000000,"arts, culture, entertainment and media",en,richard,9,18,1.087619,"1364,635,726"
medtop:01000000,"arts, culture, entertainment and media",en,review,21,41,1.082846,"1562,569,624"
medtop:01000000,"arts, culture, entertainment and media",en,stories,14,28,1.070227,"1294,1451,1562"
medtop:01000000,"arts, culture, entertainment and media",en,article,14,29,1.036326,"1294,1341,578"
medtop:01000000,"arts, culture, entertainment and media",en,always,19,39,1.036326,"1294,1341,1364"
medtop:01000000,"arts, culture, entertainment and media",en,moments,8,17,1.036326,"620,1618,575"
medtop:01000000,"arts, culture, entertainment and media",en,herself,8,17,1.036326,"1618,569,622"
medtop:01000000,"arts, culture, entertainment and media",en,years later,8,19,1.010965,"1562,578,679"
medtop:01000000,"arts, culture, entertainment and media",en,season,11,24,0.995504,"1305,620,554"
medtop:01000000,"arts, culture, entertainment and media",en,watching,10,22,0.991874,"1305,564,575"
medtop:01000000,"arts, culture, entertainment and media",en,minutes,14,31,0.971787,"1455,620,569"
medtop:01000000,"arts, culture, entertainment and media",en,series,19,42,0.964005,"1451,1455,1562"
medtop:01000000,"arts, culture, entertainment and media",en,version,19,43,0.941015,"1294,581,624"
medtop:01000000,"arts, culture, entertainment and media",en,period,8,19,0.930965,"1341,1618,581"
medtop:01000000,"arts, culture, entertainment and media",en,parties,8,19,0.930965,"1341,1618,575"
medtop:01000000,"arts, culture, entertainment and media",en,finally,9,22,0.896564,"1448,1455,1618"
medtop:01000000,"arts, culture, entertainment and media",en,friend,12,29,0.893225,"575,581,624"
medtop:01000000,"arts, culture, entertainment and media",en,mother,15,36,0.891144,"1294,1364,1562"
medtop:01000000,"arts, culture, entertainment and media",en,traditional,8,20,0.882175,"1341,631,635"
medtop:01000000,"arts, culture, entertainment and media",en,language,8,20,0.882175,"624,661,694"
medtop:01000000,"arts, culture, entertainment and media",en,london,13,32,0.872023,"1448,1455,1562"
medtop:01000000,"arts, culture, entertainment and media",en,thinking,10,25,0.869272,"1294,1364,564"
medtop:01000000,"arts, culture, entertainment and media",en,welcome,10,25,0.869272,"1364,564,575"
medtop:01000000,"arts, culture, entertainment and media",en,writing,15,37,0.864475,"1294,1618,564"
medtop:01000000,"arts, culture, entertainment and media",en,skip after-sponsor learn,14,41,0.859853,"1294,631,661"
medtop:01000000,"arts, culture, entertainment and media",en,french,11,28,0.847084,"564,624,626"
medtop:01000000,"arts, culture, entertainment and media",en,remained,8,21,0.835655,"1364,1562,620"
medtop:01000000,"arts, culture, entertainment and media",en,supporting,9,24,0.813182,"1364,714,749"
medtop:01000000,"arts, culture, entertainment and media",en,director,30,77,0.806751,"1341,1411,1455"
medtop:01000000,"arts, culture, entertainment and media",en,battle,8,22,0.791203,"1305,690,749"
medtop:01000000,"arts, culture, entertainment and media",en,friends,8,22,0.791203,"1455,620,1618"
medtop:01000000,"arts, culture, entertainment and media",en,addition,11,30,0.780392,"1294,1341,1364"
medtop:01000000,"arts, culture, entertainment and media",en,after-sponsor learn,14,41,0.779853,"1294,631,661"
medtop:01000000,"arts, culture, entertainment and media",en,something,28,74,0.779281,"1294,1448,1455"
medtop:01000000,"arts, culture, entertainment and media",en,throughout,11,31,0.748644,"1562,626,631"
medtop:01000000,"arts, culture, entertainment and media",en,together,21,58,0.742978,"1448,1562,620"
medtop:01000000,"arts, culture, entertainment and media",en,degree,10,29,0.726171,"1341,1364,1562"
medtop:01000000,"arts, culture, entertainment and media",en,mostly,10,29,0.726171,"1364,620,1618"
medtop:01000000,"arts, culture, entertainment and media",en,reality,11,32,0.717872,"1341,1562,578"
medtop:01000000,"arts, culture, entertainment and media",en,right now,9,29,0.710861,"1448,1618,564"
medtop:01000000,"arts, culture, entertainment and media",en,golden,8,24,0.707822,"1305,1618,746"
medtop:01000000,"arts, culture, entertainment and media",en,michael,14,41,0.699853,"749,732,1046"
medtop:01000000,"arts, culture, entertainment and media",en,returned,10,30,0.693381,"1294,620,569"
medtop:01000000,"arts, culture, entertainment and media",en,looked,10,30,0.693381,"578,581,661"
medtop:01000000,"arts, culture, entertainment and media",en,probably,11,33,0.688019,"575,581,661"
medtop:01000000,"arts, culture, entertainment and media",en,learned,8,25,0.668601,"1294,1618,726"
medtop:01000000,"arts, culture, entertainment and media",en,served,9,29,0.630861,"1341,1448,1562"
medtop:01000000,"arts, culture, entertainment and media",en,present,8,26,0.630861,"1451,575,694"
medtop:01000000,"arts, culture, entertainment and media",en,moment,13,42,0.60733,"1364,1562,1618"
medtop:01000000,"arts, culture, entertainment and media",en,previous,12,39,0.605543,"1448,564,575"
medtop:01000000,"arts, culture, entertainment and media",en,subject,11,36,0.603462,"1451,1562,624"
medtop:01000000,"arts, culture, entertainment and media",en,mailto,10,33,0.601008,"1294,624,726"
medtop:01000000,"arts, culture, entertainment and media",en,established,9,30,0.598071,"1294,1562,620"
medtop:04000000,"economy, business and finance",en,federal reserve,8,1,3.495501,"1382,656,659"
medtop:04000000,"economy, business and finance",en,interest rates,8,4,2.579211,"1509,656,659"
medtop:04000000,"economy, business and finance",en,powell,8,5,2.316889,"656,659,712"
medtop:04000000,"economy, business and finance",en,treasury,9,6,2.268099,"1382,641,653"
medtop:04000000,"economy, business and finance",en,reserve,9,6,2.268099,"1382,656,659"
medtop:04000000,"economy, business and finance",en,wall street,12,10,2.158478,"1382,1509,573"
medtop:04000000,"economy, business and finance",en,regulators,9,9,1.911424,"1607,649,656"
medtop:04000000,"economy, business and finance",en,trading,10,11,1.824413,"1298,1382,1386"
medtop:04000000,"economy, business and finance",en,headquarters,8,9,1.806063,"582,641,656"
medtop:04000000,"economy, business and finance",en,markets,17,20,1.757273,"1298,1382,1386"
medtop:04000000,"economy, business and finance",en,revenue,10,14,1.601269,"1437,1458,1521"
medtop:04000000,"economy, business and finance",en,columnist,9,13,1.574952,"1470,601,607"
medtop:04000000,"economy, business and finance",en,operate,8,12,1.543699,"1314,1515,582"
medtop:04000000,"economy, business and finance",en,investments,12,19,1.480641,"1382,641,653"
medtop:04000000,"economy, business and finance",en,economics,9,15,1.44142,"1298,1323,1515"
medtop:04000000,"economy, business and finance",en,housing,9,15,1.44142,"1521,641,659"
medtop:04000000,"economy, business and finance",en,investors,15,25,1.425916,"1382,1509,1515"
medtop:04000000,"economy, business and finance",en,economy,21,35,1.418947,"1298,1382,1509"
medtop:04000000,"economy, business and finance",en,artificial intelligence,13,24,1.411605,"1296,1386,1509"
medtop:04000000,"economy, business and finance",en,corporate,8,14,1.400598,"1382,649,712"
medtop:04000000,"economy, business and finance",en,credit,13,23,1.372427,"1380,1458,607"
medtop:04000000,"economy, business and finance",en,consumers,10,18,1.36488,"1298,1323,1515"
medtop:04000000,"economy, business and finance",en,consumer,11,20,1.351808,"1380,1382,1437"
medtop:04000000,"economy, business and finance",en,beijing,8,15,1.33606,"1298,1458,712"
medtop:04000000,"economy, business and finance",en,finance,13,24,1.331605,"1382,1386,601"
medtop:04000000,"economy, business and finance",en,investment,15,28,1.316717,"1298,1336,1458"
medtop:04000000,"economy, business and finance",en,founder,11,21,1.305288,"1521,607,613"
medtop:04000000,"economy, business and finance",en,financial,22,45,1.218277,"1336,1382,1386"
medtop:04000000,"economy, business and finance",en,easier,9,19,1.218277,"1314,1458,607"
medtop:04000000,"economy, business and finance",en,artificial,14,30,1.185487,"1296,1386,1509"
medtop:04000000,"economy, business and finance",en,industry,23,49,1.177455,"1314,1323,1458"
medtop:04000000,"economy, business and finance",en,management,11,24,1.177455,"1470,1509,1521"
medtop:04000000,"economy, business and finance",en,airlines,9,20,1.169487,"1314,1380,1437"
medtop:04000000,"economy, business and finance",en,market,19,41,1.169487,"1382,1386,1458"
medtop:04000000,"economy, business and finance",en,popular,16,36,1.133719,"1298,1509,1521"
medtop:04000000,"economy, business and finance",en,hearing,8,20,1.064126,"1509,573,656"
medtop:04000000,"economy, business and finance",en,travelers,10,25,1.051223,"1314,1380,1437"
medtop:04000000,"economy, business and finance",en,tariffs,12,30,1.042386,"1298,1458,1509"
medtop:04000000,"economy, business and finance",en,forum in davos,9,27,1.041805,"1298,1458,641"
medtop:04000000,"economy, business and finance",en,opportunities,8,21,1.017606,"1336,1386,1458"
medtop:04000000,"economy, business and finance",en,analysts,8,21,1.017606,"1382,1458,582"
medtop:04000000,"economy, business and finance",en,uncertainty,8,21,1.017606,"1509,601,641"
medtop:04000000,"economy, business and finance",en,businesses,14,36,1.008556,"1323,1458,1509"
medtop:04000000,"economy, business and finance",en,economic forum,12,34,1.001025,"1298,1458,1509"
medtop:04000000,"economy, business and finance",en,companies,27,70,0.980949,"1296,1323,1336"
medtop:04000000,"economy, business and finance",en,typically,10,27,0.977115,"1314,1515,1521"
medtop:04000000,"economy, business and finance",en,executives,10,27,0.977115,"1515,573,641"
medtop:04000000,"economy, business and finance",en,prices,9,25,0.955913,"1323,1437,1458"
medtop:04000000,"economy, business and finance",en,business,28,75,0.947986,"1296,1336,1386"
medtop:04000000,"economy, business and finance",en,chinese,11,31,0.930595,"1296,1298,1458"
medtop:04000000,"economy, business and finance",en,complicated,8,23,0.930595,"1314,582,607"
medtop:04000000,"economy, business and finance",en,governments,8,23,0.930595,"1336,582,641"
medtop:04000000,"economy, business and finance",en,company,32,88,0.919295,"1296,1314,1323"
medtop:04000000,"economy, business and finance",en,pointed,9,26,0.918172,"582,704,712"
medtop:04000000,"economy, business and finance",en,electric,10,29,0.908122,"1298,1323,1458"
medtop:04000000,"economy, business and finance",en,writes,14,40,0.905902,"1298,1314,1382"
medtop:04000000,"economy, business and finance",en,executive,27,76,0.899823,"1314,1323,1437"
medtop:04000000,"economy, business and finance",en,billion,21,60,0.891593,"1323,1336,1382"
medtop:04000000,"economy, business and finance",en,exchange,8,24,0.889773,"1382,1607,582"
medtop:04000000,"economy, business and finance",en,approval,8,24,0.889773,"1458,573,582"
medtop:04000000,"economy, business and finance",en,prompted,9,27,0.881805,"1298,1382,1386"
medtop:04000000,"economy, business and finance",en,commission,9,27,0.881805,"1437,1607,649"
medtop:04000000,"economy, business and finance",en,independent,9,27,0.881805,"1458,573,641"
medtop:04000000,"economy, business and finance",en,eventually,11,33,0.86997,"1458,1509,1515"
medtop:04000000,"economy, business and finance",en,potentially,12,36,0.865455,"1323,1380,1458"
medtop:04000000,"economy, business and finance",en,features,8,25,0.850552,"1296,1386,582"
medtop:04000000,"economy, business and finance",en,lawyer,11,34,0.840983,"1509,573,649"
medtop:04000000,"economy, business and finance",en,remain,12,37,0.838787,"1298,1470,1509"
medtop:04000000,"economy, business and finance",en,street,14,43,0.835285,"1382,1509,573"
medtop:04000000,"economy, business and finance",en,weekend,10,32,0.812812,"1314,1323,1380"
medtop:04000000,"economy, business and finance",en,chief executive,13,45,0.80184,"573,582,601"
medtop:04000000,"economy, business and finance",en,interest,16,51,0.793394,"1382,1509,1607"
medtop:04000000,"economy, business and finance",en,intelligence,14,45,0.790833,"1296,1386,1509"
medtop:04000000,"economy, business and finance",en,allowing,9,30,0.780022,"1314,1380,610"
medtop:04000000,"economy, business and finance",en,operating,9,30,0.780022,"1323,1437,1509"
medtop:04000000,"economy, business and finance",en,growth,9,30,0.780022,"1386,1437,1458"
medtop:04000000,"economy, business and finance",en,supreme,9,30,0.780022,"1509,656,659"
medtop:04000000,"economy, business and finance",en,customers,8,27,0.776444,"1314,1323,1458"
medtop:04000000,"economy, business and finance",en,flights,8,27,0.776444,"1314,1380,1437"
medtop:04000000,"economy, business and finance",en,opportunity,11,37,0.758744,"1336,1458,613"
medtop:04000000,"economy, business and finance",en,economic,21,69,0.753971,"1298,1382,1437"
medtop:04000000,"economy, business and finance",en,status,10,34,0.753971,"1314,1380,573"
medtop:04000000,"economy, business and finance",en,demand,15,50,0.752187,"1323,1437,1458"
medtop:04000000,"economy, business and finance",en,expect,9,31,0.748273,"1296,1380,601"
medtop:04000000,"economy, business and finance",en,annual,13,44,0.743819,"1336,1509,607"
medtop:04000000,"economy, business and finance",en,various,8,28,0.741353,"1314,1386,1515"
medtop:04000000,"economy, business and finance",en,lawsuit,8,28,0.741353,"1509,1607,641"
medtop:04000000,"economy, business and finance",en,impact,11,38,0.732769,"1314,1323,1470"
medtop:04000000,"economy, business and finance",en,allowed,14,48,0.727654,"1296,1458,1470"
medtop:04000000,"economy, business and finance",en,amount,9,32,0.717502,"1458,1515,573"
medtop:04000000,"economy, business and finance",en,question,15,52,0.713721,"1298,1382,1470"
medtop:04000000,"economy, business and finance",en,reporter covering,9,35,0.71049,"1380,573,610"
medtop:04000000,"economy, business and finance",en,across the country,9,38,0.710447,"1323,1380,1437"
medtop:04000000,"economy, business and finance",en,required,11,39,0.707451,"1509,610,649"
medtop:04000000,"economy, business and finance",en,recently,16,56,0.701586,"573,641,649"
medtop:04000000,"economy, business and finance",en,biggest,13,46,0.700334,"1298,1314,582"
medtop:04000000,"economy, business and finance",en,capital,10,36,0.698401,"1437,1607,641"
medtop:04000000,"economy, business and finance",en,claimed,10,36,0.698401,"1458,1470,641"
medtop:04000000,"economy, business and finance",en,programs,11,40,0.682759,"1386,582,607"
medtop:04000000,"economy, business and finance",en,wednesday,18,64,0.681476,"1298,1509,582"
medtop:04000000,"economy, business and finance",en,spokeswoman,10,37,0.671733,"1336,1521,601"
medtop:04000000,"economy, business and finance",en,process,18,65,0.666208,"1314,1386,1458"
medtop:04000000,"economy, business and finance",en,powerful,11,41,0.658661,"1298,1314,1380"
medtop:04000000,"economy, business and finance",en,mailto,9,34,0.658661,"1314,1470,1509"
medtop:04000000,"economy, business and finance",en,no longer,9,37,0.656423,"1298,1380,1607"
medtop:04000000,"economy, business and finance",en,require,10,38,0.645758,"1323,1509,1515"
medtop:04000000,"economy, business and finance",en,partners,8,31,0.642913,"1314,1336,1437"
medtop:04000000,"economy, business and finance",en,concern,8,31,0.642913,"1382,1509,601"
medtop:04000000,"economy, business and finance",en,threats,15,56,0.640961,"1298,1323,1509"
medtop:04000000,"economy, business and finance",en,travel,13,49,0.638458,"1314,1380,1437"
medtop:04000000,"economy, business and finance",en,backed,10,39,0.62044,"1336,1607,582"
medtop:04000000,"economy, business and finance",en,increasingly,13,50,0.618656,"1298,1323,1386"
medtop:04000000,"economy, business and finance",en,website,8,32,0.612141,"1296,1380,1386"
medtop:04000000,"economy, business and finance",en,provided,8,32,0.612141,"1298,1458,582"
medtop:04000000,"economy, business and finance",en,expected,17,65,0.612141,"1314,1323,1380"
medtop:04000000,"economy, business and finance",en,affect,9,36,0.603091,"1314,1380,1458"
medtop:04000000,"economy, business and finance",en,influence,9,36,0.603091,"1509,1607,656"
medtop:04000000,"economy, business and finance",en,leaving,10,40,0.595747,"1314,1323,1470"
medtop:04000000,"economy, business and finance",en,despite,12,48,0.584553,"1298,1336,1470"
medtop:04000000,"economy, business and finance",en,august,8,33,0.582288,"1336,1386,601"
medtop:04000000,"economy, business and finance",en,prime minister,9,40,0.580437,"1298,1382,1458"
medtop:04000000,"economy, business and finance",en,vice president,8,36,0.577731,"1323,1458,1515"
medtop:04000000,"economy, business and finance",en,experts,14,56,0.576423,"1314,1458,1509"
medtop:04000000,"economy, business and finance",en,october,9,37,0.576423,"582,601,641"
medtop:04000000,"economy, business and finance",en,significant,10,41,0.57165,"1323,1437,1458"
medtop:04000000,"economy, business and finance",en,conditions,11,45,0.567689,"1296,1314,1323"
medtop:04000000,"economy, business and finance",en,percent,30,118,0.566288,"1298,1314,1382"
medtop:04000000,"economy, business and finance",en,concerns,18,72,0.565404,"1336,1437,1470"
medtop:04000000,"economy, business and finance",en,familiar,8,34,0.5533,"1314,1382,1437"
medtop:04000000,"economy, business and finance",en,ultimately,8,34,0.5533,"1382,1458,1470"
medtop:04000000,"economy, business and finance",en,reduce,9,38,0.550447,"1298,1515,704"
medtop:04000000,"economy, business and finance",en,sought,9,38,0.550447,"1607,649,659"
medtop:04000000,"economy, business and finance",en,december,9,38,0.550447,"582,601,656"
medtop:04000000,"economy, business and finance",en,november,11,46,0.546183,"1336,1386,1437"
medtop:04000000,"economy, business and finance",en,technology,14,58,0.541937,"1298,1336,1386"
medtop:04000000,"economy, business and finance",en,white house,14,63,0.540591,"1336,1382,1607"
medtop:04000000,"economy, business and finance",en,energy,12,51,0.52513,"1298,1323,1336"
medtop:04000000,"economy, business and finance",en,expert,8,35,0.52513,"1298,1380,601"
medtop:04000000,"economy, business and finance",en,respond,15,63,0.52513,"1314,1323,1382"
medtop:04000000,"economy, business and finance",en,central,13,55,0.52513,"1323,1382,1509"
medtop:04000000,"economy, business and finance",en,agencies,8,35,0.52513,"1437,1515,649"
medtop:04000000,"economy, business and finance",en,majority,10,43,0.52513,"1521,573,582"
medtop:04000000,"economy, business and finance",en,ability,9,39,0.52513,"1296,1314,1470"
medtop:04000000,"economy, business and finance",en,claims,9,39,0.52513,"1509,649,656"
medtop:04000000,"economy, business and finance",en,davos switzerland,9,43,0.509819,"641,653,712"
medtop:04000000,"economy, business and finance",en,personal,13,56,0.50743,"1296,1386,601"
medtop:04000000,"economy, business and finance",en,matter,13,56,0.50743,"1382,1470,1509"
medtop:04000000,"economy, business and finance",en,allies,10,44,0.502657,"1298,1458,1607"
medtop:04000000,"economy, business and finance",en,canada,8,36,0.497731,"1298,1458,1509"
medtop:04000000,"economy, business and finance",en,expressed,8,36,0.497731,"1382,582,712"
medtop:10000000,lifestyle and leisure,en,traveling check out,8,4,3.642777,"1378,413,471"
medtop:10000000,lifestyle and leisure,en,tips on traveling,8,4,3.642777,"1378,413,471"
medtop:10000000,lifestyle and leisure,en,next vacation dreaming,8,4,3.642777,"1378,413,471"
medtop:10000000,lifestyle and leisure,en,places to go,8,4,3.642777,"1378,413,471"
medtop:10000000,lifestyle and leisure,en,york times travel,8,4,3.642777,"1378,413,471"
medtop:10000000,lifestyle and leisure,en,smarter and inspiration,8,4,3.642777,"1378,413,471"
medtop:10000000,lifestyle and leisure,en,follow new york,8,4,3.642777,"1378,413,471"
medtop:10000000,lifestyle and leisure,en,just armchair traveling,8,4,3.642777,"1378,413,471"
medtop:10000000,lifestyle and leisure,en,getaway or just,8,4,3.642777,"1378,413,471"
medtop:10000000,lifestyle and leisure,en,dispatch to get,8,4,3.642777,"1378,413,471"
medtop:10000000,lifestyle and leisure,en,get expert tips,8,4,3.642777,"1378,413,471"
medtop:10000000,lifestyle and leisure,en,armchair traveling check,8,4,3.642777,"1378,413,471"
medtop:10000000,lifestyle and leisure,en,vacation dreaming up,8,4,3.642777,"1378,413,471"
medtop:10000000,lifestyle and leisure,en,getaway,9,4,3.588138,"1378,413,471"
medtop:10000000,lifestyle and leisure,en,next vacation,8,4,3.562777,"1378,413,471"
medtop:10000000,lifestyle and leisure,en,future getaway,8,4,3.562777,"1378,413,471"
medtop:10000000,lifestyle and leisure,en,vacation dreaming,8,4,3.562777,"1378,413,471"
medtop:10000000,lifestyle and leisure,en,armchair traveling,8,4,3.562777,"1378,413,471"
medtop:10000000,lifestyle and leisure,en,travel dispatch,8,4,3.562777,"1378,413,471"
medtop:10000000,lifestyle and leisure,en,traveling check,8,4,3.562777,"1378,413,471"
medtop:10000000,lifestyle and leisure,en,get expert,8,4,3.562777,"1378,413,471"
medtop:10000000,lifestyle and leisure,en,traveling smarter,8,4,3.562777,"1378,413,471"
medtop:10000000,lifestyle and leisure,en,just armchair,8,4,3.562777,"1378,413,471"
medtop:10000000,lifestyle and leisure,en,follow new,8,4,3.562777,"1378,413,471"
medtop:10000000,lifestyle and leisure,en,dreaming up,8,4,3.562777,"1378,413,471"
medtop:10000000,lifestyle and leisure,en,times travel,8,4,3.562777,"1378,413,471"
medtop:10000000,lifestyle and leisure,en,expert tips,8,4,3.562777,"1378,413,471"
medtop:10000000,lifestyle and leisure,en,vacation,12,8,3.262715,"1301,1378,413"
medtop:10000000,lifestyle and leisure,en,armchair,8,6,3.146305,"1378,413,471"
medtop:10000000,lifestyle and leisure,en,check out,8,8,2.974991,"1378,413,471"
medtop:10000000,lifestyle and leisure,en,dispatch,8,8,2.894991,"1378,413,471"
medtop:10000000,lifestyle and leisure,en,dreaming,8,8,2.894991,"1378,413,471"
medtop:10000000,lifestyle and leisure,en,smarter,10,11,2.807979,"1301,1378,413"
medtop:10000000,lifestyle and leisure,en,destinations,8,9,2.78963,"1301,604,606"
medtop:10000000,lifestyle and leisure,en,travelers,16,19,2.732472,"1301,1312,1378"
medtop:10000000,lifestyle and leisure,en,inspiration,11,14,2.671847,"1301,1378,1588"
medtop:10000000,lifestyle and leisure,en,airlines,12,17,2.569568,"1301,1312,1378"
medtop:10000000,lifestyle and leisure,en,travel,21,41,2.248364,"1301,1312,1378"
medtop:10000000,lifestyle and leisure,en,traveling,8,17,2.201844,"1378,413,471"
medtop:10000000,lifestyle and leisure,en,visitors,8,18,2.147776,"1301,596,600"
medtop:10000000,lifestyle and leisure,en,flights,10,25,2.034789,"1301,1312,1378"
medtop:10000000,lifestyle and leisure,en,expert,11,32,1.88339,"1301,1378,606"
medtop:10000000,lifestyle and leisure,en,credit,8,28,1.724919,"1301,1378,606"
medtop:10000000,lifestyle and leisure,en,places,14,49,1.691018,"1301,1312,1378"
medtop:10000000,lifestyle and leisure,en,cities,10,47,1.421685,"1301,1312,1378"
medtop:10000000,lifestyle and leisure,en,summer,8,52,1.121923,"1301,604,596"
medtop:10000000,lifestyle and leisure,en,follow,8,53,1.103231,"1378,413,471"
medtop:10000000,lifestyle and leisure,en,increasingly,8,55,1.066864,"1301,604,606"
medtop:10000000,lifestyle and leisure,en,number,10,89,0.793076,"1301,1378,606"
medtop:10000000,lifestyle and leisure,en,executive,10,93,0.749591,"1301,1312,1436"
medtop:10000000,lifestyle and leisure,en,program,8,86,0.626307,"1301,1378,606"
medtop:10000000,lifestyle and leisure,en,company,10,110,0.583356,"1301,1312,1378"
medtop:10000000,lifestyle and leisure,en,future,10,110,0.583356,"1312,1378,413"
medtop:10000000,lifestyle and leisure,en,new york times,9,119,0.570084,"1378,1588,413"
medtop:10000000,lifestyle and leisure,en,become,9,106,0.524747,"1301,606,600"
medtop:10000000,lifestyle and leisure,en,york times,9,119,0.490084,"1378,1588,413"
medtop:10000000,lifestyle and leisure,en,new york,15,195,0.469465,"1301,1312,1378"
medtop:10000000,lifestyle and leisure,en,percent,10,138,0.358412,"1301,1312,606"
medtop:10000000,lifestyle and leisure,en,according,13,185,0.308301,"1301,1312,1378"
medtop:10000000,lifestyle and leisure,en,across,10,152,0.262448,"1301,1312,1378"
medtop:10000000,lifestyle and leisure,en,through,13,195,0.255933,"1301,1312,1378"
medtop:10000000,lifestyle and leisure,en,already,8,140,0.143455,"1301,1312,1436"
medtop:10000000,lifestyle and leisure,en,united,12,207,0.122402,"1301,1312,1378"
medtop:10000000,lifestyle and leisure,en,supported by skip,20,395,0.118099,"1312,1378,1436"
medtop:10000000,lifestyle and leisure,en,united states,10,195,0.094771,"1301,1312,1378"
medtop:10000000,lifestyle and leisure,en,american,11,198,0.086593,"1301,1312,1378"
medtop:10000000,lifestyle and leisure,en,several,10,183,0.07795,"1301,1312,1588"
medtop:10000000,lifestyle and leisure,en,including,12,225,0.039405,"1301,1312,1378"
medtop:10000000,lifestyle and leisure,en,skip after-sponsor,20,395,0.038099,"1312,1378,1436"
medtop:10000000,lifestyle and leisure,en,around,9,175,0.027092,"1312,1588,413"
medtop:10000000,lifestyle and leisure,en,reporter,9,186,-0.033533,"1312,1378,413"
medtop:10000000,lifestyle and leisure,en,supported,20,396,-0.044423,"1312,1378,1436"
medtop:10000000,lifestyle and leisure,en,related content skip,17,402,-0.053574,"1312,1378,1436"
medtop:10000000,lifestyle and leisure,en,states,10,218,-0.096186,"1301,1312,1378"
medtop:10000000,lifestyle and leisure,en,content skip,17,402,-0.133574,"1312,1378,1436"
medtop:10000000,lifestyle and leisure,en,related content,17,402,-0.133574,"1312,1378,1436"
medtop:10000000,lifestyle and leisure,en,content,17,402,-0.213574,"1312,1378,1436"
medtop:10000000,lifestyle and leisure,en,related,17,404,-0.218525,"1312,1378,1436"
medtop:10000000,lifestyle and leisure,en,during,8,207,-0.245323,"1301,1436,1588"
medtop:10000000,lifestyle and leisure,en,president,8,248,-0.425238,"1301,1436,1588"
medtop:06000000,environment,en,set up camp,9,1,3.740538,"1415,536,542"
medtop:06000000,environment,en,up camp,9,1,3.660538,"1415,536,542"
medtop:06000000,environment,en,thwaites glacier,14,2,3.660538,"1415,440,517"
medtop:06000000,environment,en,climate forward,9,1,3.660538,"437,536,548"
medtop:06000000,environment,en,glacier,14,2,3.580538,"1415,440,517"
medtop:06000000,environment,en,thwaites,14,2,3.580538,"1415,440,517"
medtop:06000000,environment,en,greenhouse,8,1,3.475178,"536,1081,275"
medtop:06000000,environment,en,raymond zhong,15,3,3.437395,"1415,440,517"
medtop:06000000,environment,en,sea ice,11,2,3.437395,"1558,542,548"
medtop:06000000,environment,en,raymond,15,3,3.357395,"1415,440,517"
medtop:06000000,environment,en,icebreaker araon,10,2,3.350383,"440,536,542"
medtop:06000000,environment,en,glaciers,10,2,3.270383,"440,517,542"
medtop:06000000,environment,en,sea levels,9,2,3.255073,"517,536,542"
medtop:06000000,environment,en,korea polar research,8,2,3.229713,"440,542,548"
medtop:06000000,environment,en,polar research institute,8,2,3.229713,"440,542,548"
medtop:06000000,environment,en,antarctica,16,4,3.194876,"1415,440,517"
medtop:06000000,environment,en,korea polar,8,2,3.149713,"440,542,548"
medtop:06000000,environment,en,polar research,8,2,3.149713,"440,542,548"
medtop:06000000,environment,en,air pollution,8,2,3.149713,"570,1081,271"
medtop:06000000,environment,en,antarctic,15,4,3.134251,"1415,440,517"
medtop:06000000,environment,en,global warming,13,4,3.08072,"1422,437,517"
medtop:06000000,environment,en,covers climate,10,3,3.062701,"1422,403,536"
medtop:06000000,environment,en,fossil fuels,10,3,3.062701,"1422,437,536"
medtop:06000000,environment,en,pollution,10,3,2.982701,"536,570,1081"
medtop:06000000,environment,en,climate and environmental,8,3,2.942031,"440,542,629"
medtop:06000000,environment,en,warming,24,9,2.887391,"1422,1558,437"
medtop:06000000,environment,en,maxine,8,3,2.782031,"1422,538,570"
medtop:06000000,environment,en,expedition,14,6,2.73324,"1415,440,517"
medtop:06000000,environment,en,underwater,9,4,2.664248,"1422,403,548"
medtop:06000000,environment,en,measurements,8,4,2.558887,"1415,542,548"
medtop:06000000,environment,en,icebreaker,11,6,2.510097,"440,536,542"
medtop:06000000,environment,en,climate change,30,19,2.489355,"1422,1465,1558"
medtop:06000000,environment,en,marine,9,5,2.481926,"403,439,440"
medtop:06000000,environment,en,fossil,12,7,2.456608,"1422,437,536"
medtop:06000000,environment,en,research institute,11,7,2.456566,"440,469,542"
medtop:06000000,environment,en,emissions,15,9,2.441104,"437,536,570"
medtop:06000000,environment,en,planet,18,11,2.430633,"1422,1558,403"
medtop:06000000,environment,en,melting,17,11,2.376566,"1415,1558,440"
medtop:06000000,environment,en,carbon,8,5,2.376566,"1422,437,1081"
medtop:06000000,environment,en,icebergs,8,5,2.376566,"440,542,548"
medtop:06000000,environment,en,ice and snow,9,7,2.354244,"1321,1558,548"
medtop:06000000,environment,en,climate,43,31,2.289554,"1422,1465,1558"
medtop:06000000,environment,en,stretches,8,6,2.222415,"1558,440,548"
medtop:06000000,environment,en,instruments,8,6,2.222415,"440,536,542"
medtop:06000000,environment,en,clouds,8,6,2.222415,"542,548,562"
medtop:06000000,environment,en,scientist,13,10,2.212262,"1321,1558,440"
medtop:06000000,environment,en,waters,14,11,2.194244,"1465,403,439"
medtop:06000000,environment,en,environmental,25,22,2.093703,"403,437,439"
medtop:06000000,environment,en,aboard,8,7,2.088883,"440,548,562"
medtop:06000000,environment,en,scientists,26,28,1.899641,"1415,1558,403"
medtop:06000000,environment,en,beneath,11,12,1.891058,"439,440,542"
medtop:06000000,environment,en,clean energy,10,12,1.884046,"1321,437,536"
medtop:06000000,environment,en,safely,9,10,1.87579,"536,542,548"
medtop:06000000,environment,en,landmark,8,9,1.86574,"1465,439,536"
medtop:06000000,environment,en,southeast,8,9,1.86574,"440,548,562"
medtop:06000000,environment,en,remote,8,9,1.86574,"517,536,542"
medtop:06000000,environment,en,communities,15,17,1.853317,"403,538,1103"
medtop:06000000,environment,en,natural gas,8,10,1.85043,"1321,536,1099"
medtop:06000000,environment,en,voyage,10,12,1.804046,"440,542,548"
medtop:06000000,environment,en,equipment,13,16,1.776944,"1321,536,542"
medtop:06000000,environment,en,delays,11,14,1.747957,"536,542,548"
medtop:06000000,environment,en,photographer,9,12,1.708736,"517,542,548"
medtop:06000000,environment,en,frozen,9,12,1.708736,"536,542,548"
medtop:06000000,environment,en,weather,22,31,1.640859,"1321,1415,1558"
medtop:06000000,environment,en,electricity,13,19,1.614425,"1321,536,1081"
medtop:06000000,environment,en,associate,8,13,1.529268,"1558,538,548"
medtop:06000000,environment,en,photos,8,13,1.529268,"517,538,548"
medtop:06000000,environment,en,section,9,15,1.501097,"1422,440,548"
medtop:06000000,environment,en,managed,9,15,1.501097,"437,536,542"
medtop:06000000,environment,en,surface,12,20,1.491527,"439,440,542"
medtop:06000000,environment,en,temperatures,10,17,1.478624,"1321,1558,437"
medtop:06000000,environment,en,papers,8,14,1.460275,"1422,1558,439"
medtop:06000000,environment,en,collapse,9,16,1.440472,"437,440,536"
medtop:06000000,environment,en,nearby,9,16,1.440472,"548,562,267"
medtop:06000000,environment,en,times reporter who,8,17,1.437953,"538,1099,1103"
medtop:06000000,environment,en,energy,23,40,1.435582,"1321,1465,437"
medtop:06000000,environment,en,two days,8,16,1.415112,"548,562,598"
medtop:06000000,environment,en,mountains,8,15,1.395736,"1321,469,542"
medtop:06000000,environment,en,there was no,8,18,1.383886,"437,548,562"
medtop:06000000,environment,en,causing,12,23,1.357996,"1321,1558,437"
medtop:06000000,environment,en,flying,8,16,1.335112,"1415,517,548"
medtop:06000000,environment,en,extreme,12,24,1.317174,"1321,1558,548"
medtop:06000000,environment,en,electric,13,26,1.314321,"1321,536,1081"
medtop:06000000,environment,en,monday,13,26,1.314321,"1422,469,536"
medtop:06000000,environment,en,forward,15,30,1.309702,"437,536,548"
medtop:06000000,environment,en,century,17,34,1.306124,"1415,1422,517"
medtop:06000000,environment,en,survey,9,19,1.277953,"440,542,548"
medtop:06000000,environment,en,levels,12,25,1.277953,"517,536,542"
medtop:06000000,environment,en,landscape,9,19,1.277953,"542,548,562"
medtop:06000000,environment,en,losing,9,20,1.229163,"1321,548,562"
medtop:06000000,environment,en,journey,9,20,1.229163,"1415,517,542"
medtop:06000000,environment,en,degrees,8,18,1.223886,"437,542,587"
medtop:06000000,environment,en,reporter who,9,22,1.218191,"517,538,1099"
medtop:06000000,environment,en,scientific,13,29,1.20896,"440,469,542"
medtop:06000000,environment,en,set up,11,27,1.203803,"1415,536,542"
medtop:06000000,environment,en,couldn,8,19,1.172593,"440,536,542"
medtop:06000000,environment,en,richard,8,19,1.172593,"517,536,548"
medtop:06000000,environment,en,expensive,8,19,1.172593,"536,598,1103"
medtop:06000000,environment,en,institute,19,44,1.16017,"1558,437,439"
medtop:06000000,environment,en,scheduled,14,33,1.15279,"1422,403,536"
medtop:06000000,environment,en,governments,9,22,1.138191,"439,538,1103"
medtop:06000000,environment,en,amount,12,29,1.134852,"440,536,548"
medtop:06000000,environment,en,first time,10,28,1.0817,"403,440,548"
medtop:06000000,environment,en,protection,10,26,1.073159,"570,1081,1103"
medtop:06000000,environment,en,heavily,9,24,1.05481,"440,536,548"
medtop:06000000,environment,en,responsible,9,24,1.05481,"536,538,629"
medtop:06000000,environment,en,how much,10,29,1.047798,"1321,548,562"
medtop:06000000,environment,en,effects,14,37,1.041564,"538,570,629"
medtop:06000000,environment,en,covered,12,32,1.039542,"403,439,440"
medtop:06000000,environment,en,ensure,10,27,1.036791,"1321,1422,548"
medtop:06000000,environment,en,setting,13,35,1.026639,"1415,1558,439"
medtop:06000000,environment,en,caused,11,30,1.02202,"1321,1465,1558"
medtop:06000000,environment,en,environment,17,46,1.011325,"1422,403,469"
medtop:06000000,environment,en,bringing,10,28,1.0017,"1321,439,517"
medtop:06000000,environment,en,moving,13,36,0.99924,"1558,440,542"
medtop:06000000,environment,en,change,37,100,0.993566,"1321,1422,1465"
medtop:06000000,environment,en,dangerous,8,23,0.990271,"1321,1422,1081"
medtop:06000000,environment,en,science,18,50,0.983714,"1422,1558,439"
medtop:06000000,environment,en,operating,10,29,0.967798,"1321,536,548"
medtop:06000000,environment,en,resources,14,40,0.965579,"1321,403,439"
medtop:06000000,environment,en,january,12,35,0.952531,"1415,437,536"
medtop:06000000,environment,en,source,9,27,0.941481,"536,570,618"
medtop:06000000,environment,en,british,11,33,0.929647,"1465,440,542"
medtop:06000000,environment,en,rising,12,36,0.925132,"1321,1558,437"
medtop:06000000,environment,en,natural,14,42,0.91795,"1321,403,536"
medtop:06000000,environment,en,mission,9,28,0.90639,"536,542,548"
medtop:06000000,environment,en,research,31,93,0.893542,"1321,1558,437"
medtop:06000000,environment,en,beginning,9,29,0.872488,"1321,403,469"
medtop:06000000,environment,en,advance,8,26,0.872488,"437,440,548"
medtop:06000000,environment,en,project,15,47,0.872488,"538,542,548"
medtop:06000000,environment,en,los angeles,10,35,0.865477,"1321,439,570"
medtop:06000000,environment,en,chief executive,13,45,0.861516,"437,536,598"
medtop:06000000,environment,en,california,13,42,0.848958,"1422,1558,439"
medtop:06000000,environment,en,projects,11,36,0.845089,"403,437,598"
medtop:06000000,environment,en,reduce,11,36,0.845089,"437,536,1081"
medtop:06000000,environment,en,videos,10,33,0.842635,"1415,1422,469"
medtop:06000000,environment,en,average,8,27,0.83612,"570,587,618"
medtop:06000000,environment,en,conditions,13,43,0.825968,"1321,1422,548"
medtop:06000000,environment,en,researchers,13,43,0.825968,"1422,469,536"
medtop:06000000,environment,en,island,17,56,0.818421,"1465,440,548"
medtop:06000000,environment,en,severe,9,31,0.80795,"1321,1558,598"
medtop:06000000,environment,en,roughly,12,41,0.79838,"439,536,542"
medtop:06000000,environment,en,operations,11,38,0.792445,"403,440,548"
medtop:06000000,environment,en,angeles,10,35,0.785477,"1321,439,570"
medtop:06000000,environment,en,northern,9,32,0.777178,"1558,538,618"
medtop:06000000,environment,en,planning,9,32,0.777178,"439,536,548"
medtop:06000000,environment,en,proposed,9,32,0.777178,"570,1104,267"
medtop:06000000,environment,en,across the country,9,38,0.770124,"1321,1422,536"
medtop:06000000,environment,en,executives,8,29,0.767128,"437,538,1081"
medtop:06000000,environment,en,industry,16,56,0.761262,"1321,403,437"
medtop:13000000,science and technology,en,computer,11,11,1.95091,"1385,1440,515"
medtop:13000000,science and technology,en,elon musk,8,9,1.92555,"1440,415,515"
medtop:13000000,science and technology,en,technologies,14,16,1.825747,"1332,1375,402"
medtop:13000000,science and technology,en,software,12,14,1.807809,"1375,1385,515"
medtop:13000000,science and technology,en,journal,14,21,1.567918,"1440,1557,454"
medtop:13000000,science and technology,en,amazon,8,13,1.509077,"1516,415,470"
medtop:13000000,science and technology,en,researchers,21,35,1.458434,"1440,407,470"
medtop:13000000,science and technology,en,technology,26,46,1.396599,"1375,1385,1459"
medtop:13000000,science and technology,en,products,8,15,1.375546,"1405,1459,1533"
medtop:13000000,science and technology,en,science,24,44,1.363123,"1332,1405,1440"
medtop:13000000,science and technology,en,develop,9,18,1.309056,"1459,1602,470"
medtop:13000000,science and technology,en,researcher,13,26,1.294131,"1440,470,515"
medtop:13000000,science and technology,en,artificial,14,30,1.224973,"1385,1516,407"
medtop:13000000,science and technology,en,artificial intelligence,11,26,1.21998,"1385,1516,407"
medtop:13000000,science and technology,en,struggling,8,19,1.152402,"1332,1459,407"
medtop:13000000,science and technology,en,finding,9,22,1.118001,"1533,1608,407"
medtop:13000000,science and technology,en,improve,8,20,1.103612,"1332,1405,1440"
medtop:13000000,science and technology,en,disease,8,20,1.103612,"1405,1440,1602"
medtop:13000000,science and technology,en,online,13,32,1.09346,"1440,470,515"
medtop:13000000,science and technology,en,scientific,12,30,1.081872,"1440,470,497"
medtop:13000000,science and technology,en,highest,9,23,1.075441,"1332,1516,1533"
medtop:13000000,science and technology,en,developed,11,28,1.068521,"1332,1440,1533"
medtop:13000000,science and technology,en,various,10,26,1.052969,"1385,1516,1533"
medtop:13000000,science and technology,en,reporter who,8,23,1.050081,"1375,515,539"
medtop:13000000,science and technology,en,features,9,24,1.034619,"1385,514,520"
medtop:13000000,science and technology,en,designed,11,30,1.00183,"402,515,688"
medtop:13000000,science and technology,en,created,19,51,0.995399,"1375,1385,1533"
medtop:13000000,science and technology,en,influence,12,33,0.989499,"1375,1533,1608"
medtop:13000000,science and technology,en,columbia,10,29,0.947608,"1332,1405,1516"
medtop:13000000,science and technology,en,spread,10,29,0.947608,"1602,454,588"
medtop:13000000,science and technology,en,scientists,14,40,0.945388,"1440,1533,1557"
medtop:13000000,science and technology,en,two years,8,26,0.932298,"1332,1533,1602"
medtop:13000000,science and technology,en,surface,8,24,0.929259,"415,520,521"
medtop:13000000,science and technology,en,colleagues,13,38,0.926406,"1332,1440,1602"
medtop:13000000,science and technology,en,showed,14,42,0.89776,"1440,1533,1602"
medtop:13000000,science and technology,en,problems,8,25,0.890038,"1332,1516,470"
medtop:13000000,science and technology,en,executives,9,28,0.886199,"1516,454,515"
medtop:13000000,science and technology,en,separate,12,37,0.878273,"1375,1440,402"
medtop:13000000,science and technology,en,larger,8,26,0.852298,"1516,454,497"
medtop:13000000,science and technology,en,intelligence,14,45,0.830319,"1375,1385,1440"
medtop:13000000,science and technology,en,multiple,11,36,0.824899,"1405,1516,1557"
medtop:13000000,science and technology,en,growth,9,30,0.819508,"1385,1459,571"
medtop:13000000,science and technology,en,investors,9,31,0.787759,"1375,1516,1602"
medtop:13000000,science and technology,en,published,14,48,0.76714,"1440,1602,1608"
medtop:13000000,science and technology,en,addition,9,32,0.756988,"1375,1533,497"
medtop:13000000,science and technology,en,create,14,49,0.746937,"1375,1385,1459"
medtop:13000000,science and technology,en,institute,14,49,0.746937,"1375,1516,1557"
medtop:13000000,science and technology,en,released,10,36,0.737888,"1375,1440,497"
medtop:13000000,science and technology,en,university,30,104,0.730937,"1332,1375,1385"
medtop:13000000,science and technology,en,beginning,8,30,0.714148,"1332,402,470"
medtop:13000000,science and technology,en,complex,8,30,0.714148,"1375,1440,1533"
medtop:13000000,science and technology,en,frequently,8,30,0.714148,"1516,1557,1602"
medtop:13000000,science and technology,en,nature,10,37,0.711219,"1440,470,519"
medtop:13000000,science and technology,en,studies,12,44,0.709197,"1405,1440,470"
medtop:13000000,science and technology,en,experts,15,55,0.698147,"1375,1405,1459"
medtop:13000000,science and technology,en,research,27,97,0.698147,"1332,1440,1459"
medtop:13000000,science and technology,en,produce,9,34,0.698147,"1375,1440,1459"
medtop:13000000,science and technology,en,thought,13,48,0.698147,"1385,1459,1533"
medtop:13000000,science and technology,en,companies,21,76,0.698147,"1405,1459,1516"
medtop:13000000,science and technology,en,require,10,38,0.685244,"1405,1516,407"
medtop:13000000,science and technology,en,skip after-sponsor learn,10,45,0.680164,"1440,454,514"
medtop:13000000,science and technology,en,although,11,42,0.674617,"1459,470,519"
medtop:13000000,science and technology,en,example,16,60,0.67325,"1440,1459,407"
medtop:13000000,science and technology,en,millions,14,53,0.669976,"1332,1405,1440"
medtop:13000000,science and technology,en,involved,12,46,0.665712,"1375,454,470"
medtop:13000000,science and technology,en,questions,16,62,0.640989,"1375,407,454"
medtop:13000000,science and technology,en,declined,10,40,0.635233,"1332,1405,1459"
medtop:13000000,science and technology,en,california,11,44,0.629154,"1332,1440,1557"
medtop:13000000,science and technology,en,information,17,67,0.621774,"1375,1440,454"
medtop:13000000,science and technology,en,caused,8,33,0.621774,"1440,1557,454"
medtop:13000000,science and technology,en,proposed,8,33,0.621774,"1602,407,571"
medtop:13000000,science and technology,en,changes,13,52,0.619676,"1375,1405,1602"
medtop:13000000,science and technology,en,effects,10,41,0.611136,"1440,1516,407"
medtop:13000000,science and technology,en,health,16,64,0.609736,"1332,1405,1440"
medtop:13000000,science and technology,en,services,13,53,0.600983,"1405,1459,1516"
medtop:13000000,science and technology,en,after-sponsor learn,10,45,0.600164,"1440,454,514"
medtop:13000000,science and technology,en,families,8,34,0.592787,"1440,415,1042"
medtop:13000000,science and technology,en,environmental,9,38,0.589934,"1440,402,407"
medtop:13000000,science and technology,en,direction,9,38,0.589934,"1533,1557,591"
medtop:13000000,science and technology,en,compared,8,35,0.564616,"1332,1533,519"
medtop:13000000,science and technology,en,years ago,9,43,0.549306,"1385,1533,470"
medtop:13000000,science and technology,en,considered,10,44,0.542143,"1385,1602,402"
medtop:13000000,science and technology,en,showing,8,36,0.537217,"1375,1440,520"
medtop:13000000,science and technology,en,themselves,8,36,0.537217,"1375,407,470"
medtop:13000000,science and technology,en,entire,8,36,0.537217,"1405,1602,520"
medtop:13000000,science and technology,en,eventually,8,36,0.537217,"1459,1516,1608"
medtop:13000000,science and technology,en,worked,15,65,0.533844,"1332,1533,1602"
medtop:13000000,science and technology,en,development,11,49,0.523794,"1332,1440,1459"
medtop:13000000,science and technology,en,spokesman,9,41,0.515826,"1405,1516,1608"
medtop:13000000,science and technology,en,medical,9,41,0.515826,"1405,1440,1602"
medtop:13000000,science and technology,en,committee,9,41,0.515826,"1405,1608,514"
medtop:13000000,science and technology,en,rather,13,58,0.51243,"1332,1405,470"
medtop:13000000,science and technology,en,affect,8,37,0.510549,"1405,1440,1459"
medtop:13000000,science and technology,en,failed,8,37,0.510549,"1440,1516,1602"
medtop:13000000,science and technology,en,helped,11,50,0.503991,"1332,1375,1602"
medtop:13000000,science and technology,en,leading,11,50,0.503991,"1332,1459,1602"
medtop:13000000,science and technology,en,results,9,42,0.492295,"1440,1602,543"
medtop:13000000,science and technology,en,company,22,98,0.491285,"1375,1385,1459"
medtop:13000000,science and technology,en,interest,12,55,0.490508,"1608,407,454"
medtop:13000000,science and technology,en,allowed,11,51,0.484573,"1375,1440,1459"
medtop:13000000,science and technology,en,professor,13,60,0.479094,"1375,1385,1440"
medtop:13000000,science and technology,en,congress,12,56,0.472808,"1375,1459,1602"
medtop:13000000,science and technology,en,dollars,9,43,0.469306,"1332,1385,1440"
medtop:13000000,science and technology,en,giving,9,43,0.469306,"1375,1459,514"
medtop:13000000,science and technology,en,single,11,52,0.465525,"1332,1602,520"
medtop:13000000,science and technology,en,environment,11,52,0.465525,"1332,1440,402"
medtop:13000000,science and technology,en,offered,8,39,0.459255,"1332,1405,1608"
medtop:13000000,science and technology,en,anything,10,48,0.456985,"1375,1440,415"
medtop:13000000,science and technology,en,raised,10,48,0.456985,"1375,1440,1602"
medtop:13000000,science and technology,en,immediately,12,57,0.455417,"1440,1516,1608"
medtop:13000000,science and technology,en,roughly,9,44,0.446833,"1459,1602,543"
medtop:13000000,science and technology,en,certain,10,49,0.436782,"1440,588,630"
medtop:13000000,science and technology,en,problem,8,40,0.434563,"1385,1440,407"
medtop:13000000,science and technology,en,potentially,8,40,0.434563,"1440,1459,1516"
medtop:13000000,science and technology,en,chief executive,9,49,0.421472,"1375,454,515"
medtop:13000000,science and technology,en,process,14,69,0.410465,"1385,1405,1459"
medtop:13000000,science and technology,en,moving,8,41,0.410465,"1459,1557,454"
medtop:13000000,science and technology,en,available,10,51,0.397562,"1405,1440,1459"
medtop:13000000,science and technology,en,shared,10,51,0.397562,"1405,1440,1557"
medtop:13000000,science and technology,en,million,23,113,0.392766,"1375,1516,1602"
medtop:13000000,science and technology,en,believe,11,56,0.392766,"470,515,520"
medtop:13000000,science and technology,en,thousands,17,85,0.386935,"1385,1440,1602"
medtop:13000000,science and technology,en,businesses,8,42,0.386935,"1459,1608,407"
medtop:13000000,science and technology,en,paper related content,12,72,0.3854,"1375,1405,415"
medtop:13000000,science and technology,en,together,13,66,0.385275,"402,407,415"
medtop:13000000,science and technology,en,safety,9,47,0.382294,"1459,1602,543"
medtop:13000000,science and technology,en,similar,10,52,0.378514,"1332,1440,470"
medtop:13000000,science and technology,en,project,10,52,0.378514,"1332,1375,1440"
medtop:13000000,science and technology,en,version,10,52,0.378514,"1375,415,515"
medtop:13000000,science and technology,en,increase,9,48,0.361675,"1332,1405,1557"
medtop:13000000,science and technology,en,actually,10,53,0.359821,"1557,470,497"
medtop:13000000,science and technology,en,inside,10,53,0.359821,"1602,415,520"
medtop:13000000,science and technology,en,approach,11,58,0.358279,"1385,1405,1440"
medtop:13000000,science and technology,en,largest,13,68,0.355861,"1332,1459,1516"
medtop:13000000,science and technology,en,family,17,88,0.352646,"1375,1385,1440"
medtop:13000000,science and technology,en,popular,8,44,0.341472,"1375,454,685"
medtop:13000000,science and technology,en,described,13,69,0.341472,"1405,1440,1533"
medtop:13000000,science and technology,en,republican,9,49,0.341472,"1405,1459,1602"
medtop:13000000,science and technology,en,evidence,10,54,0.341472,"1440,1608,514"
medtop:13000000,science and technology,en,building,13,70,0.327288,"1375,1385,1459"
medtop:13000000,science and technology,en,children,12,65,0.326205,"1332,1385,1405"
medtop:13000000,science and technology,en,private,8,45,0.319493,"1375,407,454"
medtop:13000000,science and technology,en,majority,8,45,0.319493,"1375,1440,514"
medtop:13000000,science and technology,en,someone,8,45,0.319493,"1602,407,454"
medtop:13000000,science and technology,en,something,16,86,0.318215,"1375,1385,1440"
medtop:13000000,science and technology,en,comment,15,81,0.31678,"1405,1440,1459"
medtop:13000000,science and technology,en,result,12,66,0.311167,"1332,1405,1440"
medtop:13000000,science and technology,en,become,18,97,0.310382,"1332,1405,1459"
medtop:13000000,science and technology,en,industry,11,61,0.308682,"1459,1516,1533"
medtop:13000000,science and technology,en,provide,10,56,0.305754,"1375,1440,1602"
medtop:05000000,education,en,education,13,13,2.894991,"1511,417,456"
medtop:05000000,education,en,schools,11,16,2.546684,"1511,417,456"
medtop:05000000,education,en,students,16,26,2.432367,"1367,1511,456"
medtop:05000000,education,en,student,11,28,2.012602,"1367,1511,456"
medtop:05000000,education,en,lawyer,11,34,1.824549,"1367,1511,417"
medtop:05000000,education,en,college,11,36,1.768979,"1511,417,494"
medtop:05000000,education,en,district,8,38,1.428654,"1367,456,460"
medtop:05000000,education,en,writing,9,43,1.413386,"1394,1511,1615"
medtop:05000000,education,en,school,13,68,1.299942,"1367,1511,417"
medtop:05000000,education,en,within,11,74,1.062409,"1394,1511,1615"
medtop:05000000,education,en,professor,9,64,1.023189,"1367,1511,460"
medtop:05000000,education,en,rights,8,61,0.965081,"1367,460,544"
medtop:05000000,education,en,tuesday,8,63,0.933332,"456,478,485"
medtop:05000000,education,en,nation,8,63,0.933332,"456,458,478"
medtop:05000000,education,en,history,11,87,0.902561,"1394,1615,456"
medtop:05000000,education,en,university,15,119,0.880088,"1367,1511,417"
medtop:05000000,education,en,information,9,75,0.866842,"1511,1615,460"
medtop:05000000,education,en,appeared,8,69,0.84372,"1511,1615,456"
medtop:05000000,education,en,children,8,69,0.84372,"456,458,556"
medtop:05000000,education,en,federal,15,138,0.733105,"1367,1511,456"
medtop:05000000,education,en,almost,9,92,0.664976,"1394,1511,1615"
medtop:05000000,education,en,research,11,113,0.643699,"1511,1615,456"
medtop:05000000,education,en,important,8,86,0.626307,"1511,458,460"
medtop:05000000,education,en,policy,11,122,0.567713,"1394,456,458"
medtop:05000000,education,en,department,10,113,0.556688,"1367,1394,1511"
medtop:05000000,education,en,interview,8,94,0.538338,"1511,456,460"
medtop:05000000,education,en,around,15,169,0.531781,"1394,1511,417"
medtop:05000000,education,en,government,14,163,0.503174,"1394,1615,417"
medtop:05000000,education,en,last year,11,144,0.483164,"1511,1615,417"
medtop:05000000,education,en,order reprints,13,170,0.472384,"1394,417,456"
medtop:05000000,education,en,america,8,101,0.467242,"1394,456,458"
medtop:05000000,education,en,social,10,129,0.425352,"1394,1615,460"
medtop:05000000,education,en,reprints,13,170,0.392384,"1394,417,456"
medtop:05000000,education,en,trump administration,10,146,0.382453,"417,478,485"
medtop:05000000,education,en,political,9,123,0.377294,"1394,1511,417"
medtop:05000000,education,en,future,8,112,0.364827,"1394,1511,458"
medtop:05000000,education,en,percent,10,138,0.358412,"1511,458,478"
medtop:05000000,education,en,members,9,126,0.353389,"1367,1511,1615"
medtop:05000000,education,en,had been,9,137,0.350322,"1367,1615,494"
medtop:05000000,education,en,though,8,116,0.330041,"1394,456,460"
medtop:05000000,education,en,president trump,12,185,0.314193,"1394,1511,458"
medtop:05000000,education,en,without,10,154,0.249461,"1367,1394,456"
medtop:05000000,education,en,new york,12,198,0.246635,"1367,1394,458"
medtop:05000000,education,en,administration,11,176,0.203748,"417,458,478"
medtop:05000000,education,en,officials,9,149,0.186941,"458,460,478"
medtop:05000000,education,en,through,12,196,0.176736,"1394,1511,1615"
medtop:05000000,education,en,american,12,197,0.171673,"1367,1511,1615"
medtop:05000000,education,en,states,13,215,0.15877,"1367,1394,1511"
medtop:05000000,education,en,related content skip,21,398,0.157072,"1367,1394,1511"
medtop:05000000,education,en,according,11,187,0.143455,"1511,456,494"
medtop:05000000,education,en,united,12,207,0.122402,"1367,1394,1511"
medtop:05000000,education,en,supported by skip,20,395,0.118099,"1367,1394,1615"
medtop:05000000,education,en,including,13,224,0.117948,"1367,1511,417"
medtop:05000000,education,en,against,11,194,0.106898,"1367,1511,460"
medtop:05000000,education,en,country,11,195,0.101783,"1615,478,485"
medtop:05000000,education,en,united states,10,195,0.094771,"1367,1394,1511"
medtop:05000000,education,en,content skip,21,398,0.077072,"1367,1394,1511"
medtop:05000000,education,en,related content,21,398,0.077072,"1367,1394,1511"
medtop:05000000,education,en,skip after-sponsor,20,395,0.038099,"1367,1394,1615"
medtop:05000000,education,en,president,13,243,0.03688,"1394,1511,417"
medtop:05000000,education,en,content,21,398,-0.002928,"1367,1394,1511"
medtop:05000000,education,en,related,21,400,-0.007928,"1367,1394,1511"
medtop:05000000,education,en,during,10,205,-0.03499,"1511,1615,456"
medtop:05000000,education,en,supported,20,396,-0.044423,"1367,1394,1615"
medtop:05000000,education,en,another,8,186,-0.138893,"1367,1615,456"
medtop:07000000,health,en,patients,13,16,2.745696,"305,406,512"
medtop:07000000,health,en,health care,12,17,2.694429,"1403,1441,305"
medtop:07000000,health,en,clinical,8,12,2.572127,"1403,1441,512"
medtop:07000000,health,en,doctors,9,16,2.409224,"406,512,526"
medtop:07000000,health,en,medical,16,34,2.217717,"1403,1441,305"
medtop:07000000,health,en,disease,8,20,2.092554,"1403,1441,664"
medtop:07000000,health,en,treatment,10,28,1.970451,"406,512,526"
medtop:07000000,health,en,hospital,8,26,1.84124,"1441,305,406"
medtop:07000000,health,en,health,19,61,1.80845,"1403,1441,305"
medtop:07000000,health,en,services,13,53,1.589925,"1403,406,512"
medtop:07000000,health,en,funding,8,35,1.553557,"406,512,1089"
medtop:07000000,health,en,require,8,40,1.423504,"1403,406,664"
medtop:07000000,health,en,studies,9,47,1.371236,"1403,1441,512"
medtop:07000000,health,en,researchers,8,48,1.245256,"1441,406,512"
medtop:07000000,health,en,evidence,9,55,1.217085,"1441,512,526"
medtop:07000000,health,en,science,9,59,1.148092,"1403,1441,512"
medtop:07000000,health,en,higher,9,59,1.148092,"1441,305,406"
medtop:07000000,health,en,control,10,73,1.033682,"1441,512,664"
medtop:07000000,health,en,congress,8,60,1.026203,"406,1106,1171"
medtop:07000000,health,en,children,9,68,1.00833,"1403,1441,512"
medtop:07000000,health,en,adding,9,68,1.00833,"1403,305,512"
medtop:07000000,health,en,support,13,104,0.924949,"1403,1441,406"
medtop:07000000,health,en,example,8,68,0.90297,"1441,406,526"
medtop:07000000,health,en,better,9,82,0.823596,"1441,526,664"
medtop:07000000,health,en,secretary,8,75,0.806343,"1403,526,664"
medtop:07000000,health,en,policy,13,120,0.783119,"1403,1441,305"
medtop:07000000,health,en,saying,10,95,0.773399,"1403,1441,1106"
medtop:07000000,health,en,concerns,8,82,0.718236,"1403,1441,305"
medtop:07000000,health,en,department,11,112,0.697371,"1403,1441,406"
medtop:07000000,health,en,university,12,122,0.692617,"1403,1441,406"
medtop:07000000,health,en,program,8,86,0.671168,"406,512,664"
medtop:07000000,health,en,director,9,98,0.647317,"1441,406,512"
medtop:07000000,health,en,really,9,101,0.617464,"305,406,512"
medtop:07000000,health,en,person,8,93,0.593782,"1403,406,1065"
medtop:07000000,health,en,likely,8,93,0.593782,"1403,406,1065"
medtop:07000000,health,en,decades,8,97,0.552109,"1403,305,406"
medtop:07000000,health,en,nearly,8,97,0.552109,"305,512,526"
medtop:07000000,health,en,statement,10,121,0.533726,"1441,305,1065"
medtop:07000000,health,en,million,10,126,0.49356,"305,406,526"
medtop:07000000,health,en,research,9,115,0.488847,"1441,406,512"
medtop:07000000,health,en,others,8,107,0.454945,"1403,305,512"
medtop:07000000,health,en,officials,11,147,0.427546,"1403,305,406"
medtop:07000000,health,en,already,10,138,0.403273,"1403,1441,305"
medtop:07000000,health,en,members,9,126,0.39825,"1441,305,406"
medtop:07000000,health,en,had been,9,137,0.395183,"1441,305,512"
medtop:07000000,health,en,covers,8,116,0.374902,"305,664,1106"
medtop:07000000,health,en,through,14,194,0.374902,"1403,1441,305"
medtop:07000000,health,en,reporter,13,182,0.369423,"512,526,1065"
medtop:07000000,health,en,federal,10,143,0.367934,"1403,1441,305"
medtop:07000000,health,en,administration,12,175,0.334317,"1403,406,664"
medtop:07000000,health,en,trump administration,9,147,0.325225,"1403,406,1089"
medtop:07000000,health,en,united states,12,193,0.316943,"1403,1441,406"
medtop:07000000,health,en,percent,9,139,0.300794,"305,406,512"
medtop:07000000,health,en,several,12,181,0.300794,"1441,305,406"
medtop:07000000,health,en,american,13,196,0.295705,"1403,1441,406"
medtop:07000000,health,en,supported by skip,21,394,0.212009,"1403,1441,305"
medtop:07000000,health,en,states,13,215,0.203631,"1403,1441,406"
medtop:07000000,health,en,according,11,187,0.188317,"1441,305,406"
medtop:07000000,health,en,united,12,207,0.167263,"1403,1441,406"
medtop:07000000,health,en,including,13,224,0.162809,"1403,1441,512"
medtop:07000000,health,en,order reprints,9,174,0.157651,"1403,305,406"
medtop:07000000,health,en,related content skip,20,399,0.15291,"1403,305,406"
medtop:07000000,health,en,skip after-sponsor,21,394,0.132009,"1403,1441,305"
medtop:07000000,health,en,another,10,184,0.117391,"1441,512,526"
medtop:07000000,health,en,reprints,9,174,0.077651,"1403,305,406"
medtop:07000000,health,en,content skip,20,399,0.07291,"1403,305,406"
medtop:07000000,health,en,related content,20,399,0.07291,"1403,305,406"
medtop:07000000,health,en,supported,21,395,0.04948,"1403,1441,305"
medtop:07000000,health,en,during,10,205,0.009871,"1403,1441,305"
medtop:07000000,health,en,government,8,169,0.001278,"1441,406,664"
medtop:07000000,health,en,content,20,399,-0.00709,"1403,305,406"
medtop:07000000,health,en,related,20,401,-0.012078,"1403,305,406"
medtop:07000000,health,en,president trump,8,189,-0.029948,"1403,305,526"
medtop:07000000,health,en,president,11,245,-0.080573,"1403,1441,305"
medtop:07000000,health,en,new york,8,202,-0.09613,"1441,305,1106"
medtop:07000000,health,en,against,8,197,-0.151191,"1403,1441,512"
medtop:07000000,health,en,country,8,198,-0.156228,"1441,512,1106"
